source,target,weight
31288,31243,18.0
31288,31628,23.0
31288,31281,6.0
31288,31257,3.0
31288,31128,7.0
31288,31277,26.0
31288,31232,56.0
31288,31289,189.0
31288,31290,85.0
31288,31615,9.0
31288,31249,32.0
31288,31212,3.0
31288,31272,29.0
31288,31101,4.0
31288,31247,155.0
31288,31603,20.0
31288,31646,12.0
31288,31265,17.0
31288,31266,3.0
31288,31600,6.0
31288,31108,32.0
31288,31609,17.0
31288,31230,20.0
31288,31219,30.0
31288,31258,112.0
31288,31248,134.0
31288,31203,10.0
31288,31110,5.0
31288,31271,46.0
31288,31215,15.0
31288,31295,2.0
31288,31613,22.0
31288,31246,3.0
31288,31241,8.0
31288,31229,2.0
31288,31227,1.0
31288,31201,8.0
31288,31321,86.0
31288,31233,8.0
31288,31627,12.0
31288,31314,7.0
31288,31129,87.0
31288,31200,6.0
31288,31623,75.0
31288,31228,15.0
31248,31289,160.0
31248,31228,16.0
31248,31609,25.0
31248,31064,6.0
31248,31246,2.0
31248,31110,1.0
31248,31014,1.0
31248,31600,8.0
31248,31646,53.0
31248,31314,8.0
31248,31321,40.0
31248,31623,45.0
31248,31290,98.0
31248,31249,42.0
31248,31627,8.0
31248,31007,1.0
31248,31233,11.0
31248,31214,5.0
31248,31628,5.0
31248,31241,2.0
31248,31288,108.0
31248,31603,14.0
31248,31257,5.0
31248,31281,3.0
31248,31129,34.0
31248,31266,2.0
31248,31265,8.0
31248,31243,26.0
31248,31200,10.0
31248,31230,12.0
31248,31108,10.0
31248,31615,6.0
31248,31212,2.0
31248,31271,66.0
31248,31201,11.0
31248,31203,8.0
31248,31219,26.0
31248,31258,299.0
31248,31277,9.0
31248,31229,4.0
31248,31247,130.0
31248,31232,17.0
31248,31101,4.0
31248,31128,4.0
31248,31295,3.0
31248,31613,5.0
31248,31215,10.0
31248,31272,56.0
31258,31241,3.0
31258,31603,2.0
31258,31215,31.0
31258,31609,34.0
31258,31230,14.0
31258,31129,99.0
31258,31227,5.0
31258,31628,6.0
31258,31281,5.0
31258,31277,66.0
31258,31257,30.0
31258,31232,26.0
31258,31007,1.0
31258,31108,14.0
31258,31128,4.0
31258,31266,4.0
31258,31200,5.0
31258,31265,8.0
31258,31271,77.0
31258,31290,117.0
31258,31002,1.0
31258,31600,3.0
31258,31623,27.0
31258,31289,70.0
31258,31229,2.0
31258,31233,8.0
31258,31212,11.0
31258,31203,5.0
31258,31272,47.0
31258,31646,35.0
31258,31201,3.0
31258,31064,16.0
31258,31613,3.0
31258,31295,7.0
31258,31228,8.0
31258,31247,236.0
31258,31288,139.0
31258,31321,74.0
31258,31219,50.0
31258,31243,21.0
31258,31249,305.0
31258,31248,219.0
31258,31014,4.0
31258,31246,7.0
31258,31314,24.0
31258,31615,1.0
31228,31272,5.0
31228,31227,27.0
31228,31314,1.0
31228,31290,13.0
31228,31246,7.0
31228,31289,7.0
31228,31623,17.0
31228,31232,14.0
31228,31128,10.0
31228,31230,36.0
31228,31613,8.0
31228,31243,6.0
31228,31288,15.0
31228,31233,21.0
31228,31215,2.0
31228,31281,17.0
31228,31295,2.0
31228,31200,11.0
31228,31229,24.0
31228,31110,6.0
31228,31129,11.0
31228,31603,41.0
31228,31203,28.0
31228,31609,9.0
31228,31101,18.0
31228,31265,18.0
31228,31248,18.0
31228,31266,32.0
31228,31321,21.0
31228,31014,3.0
31228,31628,7.0
31228,31627,12.0
31228,31219,10.0
31228,31108,21.0
31228,31646,6.0
31228,31258,2.0
31228,31615,14.0
31228,31271,10.0
31228,31201,19.0
31228,31212,13.0
31228,31600,46.0
31228,31247,9.0
31228,31241,30.0
31228,31249,1.0
31228,31214,10.0
31228,31064,5.0
31228,31277,12.0
31228,31257,16.0
31230,31603,19.0
31230,31232,30.0
31230,31243,5.0
31230,31265,57.0
31230,31201,27.0
31230,31247,14.0
31230,31295,10.0
31230,31227,7.0
31230,31228,51.0
31230,31623,25.0
31230,31271,14.0
31230,31214,18.0
31230,31290,19.0
31230,31258,18.0
31230,31215,1.0
31230,31108,43.0
31230,31613,7.0
31230,31289,14.0
31230,31266,53.0
31230,31646,10.0
31230,31064,3.0
31230,31277,12.0
31230,31129,12.0
31230,31628,7.0
31230,31257,9.0
31230,31609,7.0
31230,31200,2.0
31230,31615,7.0
31230,31203,39.0
31230,31101,38.0
31230,31007,1.0
31230,31110,6.0
31230,31281,35.0
31230,31014,1.0
31230,31288,12.0
31230,31600,58.0
31230,31627,5.0
31230,31246,14.0
31230,31248,9.0
31230,31128,15.0
31230,31212,7.0
31230,31272,6.0
31230,31314,2.0
31230,31241,32.0
31230,31229,15.0
31230,31249,3.0
31230,31219,7.0
31230,31233,3.0
31230,31321,16.0
31200,31212,43.0
31200,31227,15.0
31200,31230,4.0
31200,31265,23.0
31200,31271,6.0
31200,31108,4.0
31200,31603,12.0
31200,31101,81.0
31200,31241,40.0
31200,31064,3.0
31200,31266,34.0
31200,31295,37.0
31200,31203,29.0
31200,31110,38.0
31200,31628,1.0
31200,31249,4.0
31200,31229,179.0
31200,31233,10.0
31200,31246,95.0
31200,31257,36.0
31200,31646,3.0
31200,31600,19.0
31200,31314,23.0
31200,31129,4.0
31200,31289,10.0
31200,31248,9.0
31200,31014,12.0
31200,31258,21.0
31200,31623,5.0
31200,31228,11.0
31200,31232,5.0
31200,31215,50.0
31200,31201,112.0
31200,31247,8.0
31200,31288,10.0
31200,31243,6.0
31200,31277,5.0
31200,31290,2.0
31200,31219,9.0
31200,31609,1.0
31200,31321,24.0
31200,31281,47.0
31200,31128,32.0
31200,31214,55.0
31200,31615,2.0
31200,31627,9.0
31232,31613,7.0
31232,31272,12.0
31232,31609,20.0
31232,31247,25.0
31232,31230,41.0
31232,31241,19.0
31232,31110,8.0
31232,31212,4.0
31232,31257,21.0
31232,31101,12.0
31232,31108,48.0
31232,31266,28.0
31232,31248,32.0
31232,31228,7.0
31232,31200,10.0
31232,31243,16.0
31232,31295,6.0
31232,31281,31.0
31232,31603,27.0
31232,31600,24.0
31232,31014,8.0
31232,31289,12.0
31232,31321,24.0
31232,31277,18.0
31232,31233,13.0
31232,31258,19.0
31232,31288,16.0
31232,31227,12.0
31232,31128,7.0
31232,31215,2.0
31232,31623,16.0
31232,31219,8.0
31232,31615,30.0
31232,31627,17.0
31232,31129,9.0
31232,31229,12.0
31232,31249,23.0
31232,31203,15.0
31232,31646,10.0
31232,31214,6.0
31232,31201,27.0
31232,31265,23.0
31232,31246,5.0
31232,31628,10.0
31232,31271,19.0
31002,31289,5.0
31002,31249,23.0
31002,31215,1.0
31002,31290,2.0
31002,31110,1.0
31002,31247,4.0
31002,31246,1.0
31002,31014,2.0
31002,31628,4.0
31002,31609,9.0
31002,31295,2.0
31002,31646,10.0
31002,31200,2.0
31002,31228,1.0
31002,31129,4.0
31002,31248,2.0
31002,31007,8.0
31002,31064,23.0
31290,31272,22.0
31290,31249,62.0
31290,31609,23.0
31290,31248,97.0
31290,31628,7.0
31290,31129,48.0
31290,31321,35.0
31290,31314,5.0
31290,31227,4.0
31290,31281,4.0
31290,31230,7.0
31290,31232,8.0
31290,31108,8.0
31290,31277,41.0
31290,31623,12.0
31290,31201,2.0
31290,31265,3.0
31290,31288,109.0
31290,31233,8.0
31290,31002,1.0
31290,31613,6.0
31290,31646,22.0
31290,31257,4.0
31290,31258,210.0
31290,31214,1.0
31290,31064,3.0
31290,31110,2.0
31290,31215,10.0
31290,31228,10.0
31290,31128,4.0
31290,31627,2.0
31290,31603,7.0
31290,31247,91.0
31290,31289,96.0
31290,31229,4.0
31290,31219,18.0
31290,31600,3.0
31290,31615,3.0
31290,31271,21.0
31290,31243,27.0
31110,31266,23.0
31110,31129,5.0
31110,31200,16.0
31110,31295,15.0
31110,31246,30.0
31110,31014,23.0
31110,31290,1.0
31110,31247,6.0
31110,31314,1.0
31110,31628,1.0
31110,31600,17.0
31110,31219,1.0
31110,31212,70.0
31110,31277,6.0
31110,31289,11.0
31110,31230,6.0
31110,31228,5.0
31110,31214,68.0
31110,31227,17.0
31110,31241,11.0
31110,31258,4.0
31110,31215,15.0
31110,31233,27.0
31110,31627,8.0
31110,31249,3.0
31110,31281,8.0
31110,31232,12.0
31110,31615,1.0
31110,31128,17.0
31110,31229,74.0
31110,31321,6.0
31110,31203,20.0
31110,31265,9.0
31110,31257,51.0
31110,31243,3.0
31110,31201,51.0
31110,31623,1.0
31110,31101,48.0
31646,31228,9.0
31646,31243,11.0
31646,31603,5.0
31646,31014,7.0
31646,31241,13.0
31646,31227,4.0
31646,31613,19.0
31646,31232,23.0
31646,31246,5.0
31646,31233,8.0
31646,31290,16.0
31646,31271,5.0
31646,31214,2.0
31646,31249,33.0
31646,31219,11.0
31646,31288,16.0
31646,31321,3.0
31646,31203,5.0
31646,31064,5.0
31646,31200,3.0
31646,31265,11.0
31646,31108,65.0
31646,31129,13.0
31646,31266,4.0
31646,31623,44.0
31646,31248,16.0
31646,31128,2.0
31646,31600,13.0
31646,31201,1.0
31646,31110,2.0
31646,31627,4.0
31646,31628,84.0
31646,31230,14.0
31646,31314,22.0
31646,31215,29.0
31646,31002,3.0
31646,31277,9.0
31646,31229,1.0
31646,31272,9.0
31646,31295,7.0
31646,31258,23.0
31646,31281,1.0
31646,31609,31.0
31646,31615,4.0
31646,31257,5.0
31646,31212,4.0
31646,31247,30.0
31646,31289,16.0
31646,31101,3.0
31108,31243,82.0
31108,31615,10.0
31108,31281,2.0
31108,31272,19.0
31108,31212,1.0
31108,31295,1.0
31108,31248,9.0
31108,31219,6.0
31108,31628,64.0
31108,31101,4.0
31108,31265,4.0
31108,31201,6.0
31108,31232,25.0
31108,31600,2.0
31108,31627,19.0
31108,31257,6.0
31108,31288,48.0
31108,31064,2.0
31108,31646,94.0
31108,31314,3.0
31108,31230,13.0
31108,31228,17.0
31108,31603,21.0
31108,31229,1.0
31108,31290,7.0
31108,31321,3.0
31108,31227,5.0
31108,31289,8.0
31108,31247,24.0
31108,31249,18.0
31108,31215,20.0
31108,31200,6.0
31108,31214,2.0
31108,31203,5.0
31108,31233,2.0
31108,31129,22.0
31108,31246,4.0
31108,31258,9.0
31108,31271,29.0
31108,31613,44.0
31108,31014,3.0
31108,31266,5.0
31108,31241,6.0
31108,31277,29.0
31108,31623,20.0
31108,31609,109.0
31108,31128,5.0
31272,31600,3.0
31272,31203,2.0
31272,31321,19.0
31272,31228,7.0
31272,31646,12.0
31272,31215,6.0
31272,31249,5.0
31272,31219,25.0
31272,31288,22.0
31272,31241,1.0
31272,31609,21.0
31272,31128,1.0
31272,31233,2.0
31272,31623,133.0
31272,31615,15.0
31272,31243,16.0
31272,31246,1.0
31272,31295,3.0
31272,31277,4.0
31272,31290,25.0
31272,31289,41.0
31272,31628,49.0
31272,31129,29.0
31272,31101,2.0
31272,31271,16.0
31272,31247,58.0
31272,31108,25.0
31272,31230,1.0
31272,31613,16.0
31272,31229,7.0
31272,31212,2.0
31272,31281,3.0
31272,31232,15.0
31272,31258,26.0
31272,31248,47.0
31272,31214,1.0
31272,31257,2.0
31272,31603,11.0
31272,31627,16.0
31272,31265,8.0
31014,31215,13.0
31014,31628,4.0
31014,31212,1.0
31014,31101,1.0
31014,31201,2.0
31014,31266,6.0
31014,31128,4.0
31014,31257,2.0
31014,31295,107.0
31014,31290,1.0
31014,31600,2.0
31014,31108,10.0
31014,31228,6.0
31014,31246,22.0
31014,31200,10.0
31014,31314,36.0
31014,31241,14.0
31014,31229,13.0
31014,31110,13.0
31014,31219,1.0
31014,31233,7.0
31014,31248,2.0
31014,31277,3.0
31014,31064,35.0
31014,31289,13.0
31014,31258,11.0
31014,31646,4.0
31014,31265,4.0
31014,31609,6.0
31014,31247,14.0
31014,31613,1.0
31014,31203,3.0
31014,31002,5.0
31014,31281,1.0
31014,31214,7.0
31014,31288,3.0
31014,31249,17.0
31064,31247,19.0
31064,31265,1.0
31064,31014,38.0
31064,31623,1.0
31064,31266,1.0
31064,31615,1.0
31064,31249,120.0
31064,31646,11.0
31064,31321,11.0
31064,31228,2.0
31064,31201,3.0
31064,31281,2.0
31064,31230,4.0
31064,31290,8.0
31064,31002,24.0
31064,31129,3.0
31064,31314,2.0
31064,31243,7.0
31064,31289,23.0
31064,31277,1.0
31064,31295,3.0
31064,31215,3.0
31064,31007,21.0
31064,31258,8.0
31064,31128,1.0
31064,31248,8.0
31128,31110,23.0
31128,31246,92.0
31128,31247,7.0
31128,31229,49.0
31128,31265,16.0
31128,31230,17.0
31128,31002,1.0
31128,31233,16.0
31128,31281,3.0
31128,31214,33.0
31128,31295,52.0
31128,31215,26.0
31128,31609,2.0
31128,31321,10.0
31128,31258,5.0
31128,31288,6.0
31128,31646,4.0
31128,31615,2.0
31128,31257,27.0
31128,31248,7.0
31128,31129,5.0
31128,31603,3.0
31128,31228,16.0
31128,31623,1.0
31128,31201,27.0
31128,31290,2.0
31128,31289,18.0
31128,31249,1.0
31128,31227,19.0
31128,31241,29.0
31128,31314,7.0
31128,31271,5.0
31128,31108,13.0
31128,31277,7.0
31128,31200,34.0
31128,31627,3.0
31128,31266,21.0
31128,31014,25.0
31128,31064,1.0
31128,31628,1.0
31128,31203,10.0
31128,31232,9.0
31128,31272,1.0
31128,31101,22.0
31128,31613,1.0
31128,31600,5.0
31128,31212,10.0
31128,31219,4.0
31314,31215,31.0
31314,31064,10.0
31314,31128,11.0
31314,31609,10.0
31314,31247,6.0
31314,31257,7.0
31314,31129,1.0
31314,31200,12.0
31314,31290,10.0
31314,31628,2.0
31314,31615,1.0
31314,31321,3.0
31314,31232,1.0
31314,31295,9.0
31314,31258,13.0
31314,31277,6.0
31314,31248,13.0
31314,31230,3.0
31314,31266,6.0
31314,31241,4.0
31314,31101,1.0
31314,31289,49.0
31314,31014,38.0
31314,31271,3.0
31314,31228,1.0
31314,31212,3.0
31314,31281,2.0
31314,31249,7.0
31314,31646,19.0
31314,31623,3.0
31314,31203,2.0
31314,31627,2.0
31314,31229,1.0
31314,31219,1.0
31314,31108,7.0
31314,31246,15.0
31314,31600,5.0
31628,31603,21.0
31628,31266,1.0
31628,31627,11.0
31628,31129,2.0
31628,31101,1.0
31628,31623,36.0
31628,31613,77.0
31628,31281,3.0
31628,31128,1.0
31628,31290,5.0
31628,31271,13.0
31628,31246,1.0
31628,31247,8.0
31628,31265,2.0
31628,31228,2.0
31628,31249,1.0
31628,31609,71.0
31628,31215,6.0
31628,31227,3.0
31628,31241,1.0
31628,31108,69.0
31628,31288,15.0
31628,31289,7.0
31628,31277,4.0
31628,31212,5.0
31628,31258,2.0
31628,31230,4.0
31628,31232,7.0
31628,31615,14.0
31628,31219,3.0
31628,31321,3.0
31628,31600,7.0
31628,31646,50.0
31628,31200,1.0
31628,31248,13.0
31628,31272,32.0
31628,31233,4.0
31628,31257,1.0
31628,31243,5.0
31246,31247,7.0
31246,31230,12.0
31246,31603,5.0
31246,31014,12.0
31246,31232,7.0
31246,31214,15.0
31246,31265,4.0
31246,31248,5.0
31246,31277,13.0
31246,31249,2.0
31246,31646,8.0
31246,31281,6.0
31246,31110,18.0
31246,31623,9.0
31246,31129,25.0
31246,31609,6.0
31246,31233,11.0
31246,31289,24.0
31246,31258,12.0
31246,31241,21.0
31246,31600,11.0
31246,31201,30.0
31246,31228,16.0
31246,31101,18.0
31246,31215,12.0
31246,31229,10.0
31246,31108,1.0
31246,31271,2.0
31246,31266,17.0
31246,31219,7.0
31246,31257,27.0
31246,31243,2.0
31246,31212,19.0
31246,31227,8.0
31246,31288,8.0
31246,31128,29.0
31246,31203,12.0
31246,31314,16.0
31246,31627,4.0
31246,31613,2.0
31246,31295,24.0
31246,31200,50.0
31246,31321,12.0
31246,31290,4.0
31266,31232,66.0
31266,31203,34.0
31266,31628,2.0
31266,31110,24.0
31266,31201,52.0
31266,31290,5.0
31266,31219,18.0
31266,31281,56.0
31266,31603,20.0
31266,31277,10.0
31266,31243,3.0
31266,31288,12.0
31266,31314,3.0
31266,31064,2.0
31266,31271,3.0
31266,31321,10.0
31266,31200,24.0
31266,31214,6.0
31266,31215,6.0
31266,31627,13.0
31266,31101,36.0
31266,31228,81.0
31266,31212,47.0
31266,31247,12.0
31266,31257,3.0
31266,31246,45.0
31266,31241,28.0
31266,31600,39.0
31266,31258,8.0
31266,31623,6.0
31266,31227,43.0
31266,31233,4.0
31266,31129,4.0
31266,31108,9.0
31266,31609,1.0
31266,31230,59.0
31266,31229,21.0
31266,31615,11.0
31266,31295,4.0
31266,31248,4.0
31266,31014,7.0
31266,31265,22.0
31266,31289,7.0
31266,31128,43.0
31212,31203,13.0
31212,31232,7.0
31212,31064,1.0
31212,31271,2.0
31212,31272,1.0
31212,31246,52.0
31212,31295,17.0
31212,31609,9.0
31212,31266,17.0
31212,31248,1.0
31212,31628,9.0
31212,31108,10.0
31212,31613,1.0
31212,31247,11.0
31212,31281,12.0
31212,31243,2.0
31212,31201,22.0
31212,31321,10.0
31212,31229,51.0
31212,31289,9.0
31212,31600,4.0
31212,31219,6.0
31212,31230,10.0
31212,31646,2.0
31212,31228,9.0
31212,31128,17.0
31212,31215,9.0
31212,31615,1.0
31212,31249,5.0
31212,31227,9.0
31212,31200,12.0
31212,31277,11.0
31212,31257,24.0
31212,31603,10.0
31212,31110,37.0
31212,31233,7.0
31212,31258,4.0
31212,31101,13.0
31212,31241,36.0
31212,31290,4.0
31212,31314,4.0
31212,31265,3.0
31212,31288,5.0
31212,31214,21.0
31212,31014,11.0
31212,31129,4.0
31600,31295,2.0
31600,31314,5.0
31600,31623,4.0
31600,31200,14.0
31600,31277,35.0
31600,31229,12.0
31600,31272,1.0
31600,31627,25.0
31600,31203,25.0
31600,31201,32.0
31600,31628,7.0
31600,31265,15.0
31600,31212,13.0
31600,31290,2.0
31600,31108,6.0
31600,31247,3.0
31600,31603,47.0
31600,31101,26.0
31600,31227,46.0
31600,31230,61.0
31600,31243,13.0
31600,31266,42.0
31600,31288,5.0
31600,31257,4.0
31600,31646,8.0
31600,31609,6.0
31600,31241,17.0
31600,31219,7.0
31600,31246,12.0
31600,31215,9.0
31600,31289,10.0
31600,31233,6.0
31600,31128,15.0
31600,31232,23.0
31600,31613,4.0
31600,31321,8.0
31600,31129,12.0
31600,31248,6.0
31600,31110,21.0
31600,31281,39.0
31600,31271,1.0
31600,31258,7.0
31600,31228,56.0
31600,31615,16.0
31600,31214,3.0
31214,31201,62.0
31214,31246,13.0
31214,31646,6.0
31214,31289,1.0
31214,31247,16.0
31214,31101,41.0
31214,31243,1.0
31214,31248,3.0
31214,31288,2.0
31214,31266,12.0
31214,31257,17.0
31214,31227,21.0
31214,31272,6.0
31214,31228,8.0
31214,31014,7.0
31214,31314,3.0
31214,31281,8.0
31214,31627,1.0
31214,31258,3.0
31214,31108,2.0
31214,31203,36.0
31214,31233,105.0
31214,31321,3.0
31214,31229,91.0
31214,31600,8.0
31214,31128,42.0
31214,31129,6.0
31214,31232,15.0
31214,31271,2.0
31214,31200,57.0
31214,31603,3.0
31214,31212,37.0
31214,31290,2.0
31214,31277,31.0
31214,31249,1.0
31214,31110,62.0
31214,31241,14.0
31214,31623,4.0
31214,31295,4.0
31214,31230,11.0
31214,31215,9.0
31214,31265,4.0
31271,31215,10.0
31271,31609,5.0
31271,31064,2.0
31271,31228,13.0
31271,31321,60.0
31271,31243,48.0
31271,31241,10.0
31271,31101,2.0
31271,31108,20.0
31271,31110,4.0
31271,31258,36.0
31271,31314,2.0
31271,31257,10.0
31271,31219,30.0
31271,31646,10.0
31271,31229,1.0
31271,31265,14.0
31271,31232,34.0
31271,31248,82.0
31271,31627,10.0
31271,31277,12.0
31271,31200,1.0
31271,31227,4.0
31271,31603,43.0
31271,31288,39.0
31271,31272,15.0
31271,31214,4.0
31271,31615,3.0
31271,31613,13.0
31271,31266,8.0
31271,31246,2.0
31271,31628,20.0
31271,31203,7.0
31271,31233,7.0
31271,31600,2.0
31271,31290,28.0
31271,31249,23.0
31271,31230,23.0
31271,31212,3.0
31271,31128,3.0
31271,31247,71.0
31271,31281,10.0
31271,31129,75.0
31271,31289,34.0
31271,31201,7.0
31271,31623,44.0
31243,31129,14.0
31243,31200,1.0
31243,31627,7.0
31243,31215,6.0
31243,31290,7.0
31243,31321,27.0
31243,31266,1.0
31243,31247,63.0
31243,31201,8.0
31243,31628,16.0
31243,31613,23.0
31243,31277,7.0
31243,31609,10.0
31243,31271,28.0
31243,31623,100.0
31243,31257,4.0
31243,31212,2.0
31243,31007,1.0
31243,31232,22.0
31243,31219,10.0
31243,31281,4.0
31243,31288,31.0
31243,31258,28.0
31243,31603,3.0
31243,31600,5.0
31243,31248,36.0
31243,31646,18.0
31243,31128,4.0
31243,31229,2.0
31243,31228,6.0
31243,31108,74.0
31243,31272,14.0
31243,31227,7.0
31243,31101,1.0
31243,31249,13.0
31243,31230,7.0
31243,31265,5.0
31243,31246,1.0
31243,31289,27.0
31243,31233,3.0
31243,31615,7.0
31243,31203,6.0
31243,31064,3.0
31243,31241,3.0
31265,31241,6.0
31265,31230,43.0
31265,31295,18.0
31265,31289,5.0
31265,31214,9.0
31265,31609,4.0
31265,31613,24.0
31265,31227,55.0
31265,31129,5.0
31265,31233,17.0
31265,31257,17.0
31265,31247,5.0
31265,31248,5.0
31265,31200,31.0
31265,31229,13.0
31265,31249,2.0
31265,31277,10.0
31265,31281,27.0
31265,31219,4.0
31265,31288,12.0
31265,31623,21.0
31265,31290,4.0
31265,31128,10.0
31265,31203,18.0
31265,31232,31.0
31265,31272,8.0
31265,31266,26.0
31265,31258,8.0
31265,31110,1.0
31265,31243,8.0
31265,31628,5.0
31265,31627,25.0
31265,31201,8.0
31265,31321,7.0
31265,31215,13.0
31265,31271,15.0
31265,31246,6.0
31265,31212,7.0
31265,31646,1.0
31265,31600,18.0
31265,31108,10.0
31265,31228,23.0
31265,31603,58.0
31265,31615,9.0
31265,31101,19.0
31227,31241,10.0
31227,31230,5.0
31227,31281,8.0
31227,31628,2.0
31227,31289,2.0
31227,31257,1.0
31227,31615,2.0
31227,31258,3.0
31227,31128,9.0
31227,31200,7.0
31227,31272,5.0
31227,31321,7.0
31227,31271,2.0
31227,31646,3.0
31227,31295,1.0
31227,31214,11.0
31227,31627,7.0
31227,31203,15.0
31227,31248,1.0
31227,31228,14.0
31227,31110,2.0
31227,31101,13.0
31227,31229,3.0
31227,31108,7.0
31227,31277,20.0
31227,31246,2.0
31227,31288,2.0
31227,31243,1.0
31227,31219,3.0
31227,31247,5.0
31227,31603,10.0
31227,31266,29.0
31227,31623,29.0
31227,31232,14.0
31227,31212,9.0
31227,31215,2.0
31227,31600,30.0
31227,31233,15.0
31227,31201,7.0
31227,31265,29.0
31227,31129,6.0
31227,31290,4.0
31201,31600,24.0
31201,31219,9.0
31201,31200,117.0
31201,31230,21.0
31201,31627,17.0
31201,31246,18.0
31201,31289,9.0
31201,31129,9.0
31201,31277,34.0
31201,31007,1.0
31201,31014,2.0
31201,31623,10.0
31201,31266,47.0
31201,31265,10.0
31201,31247,5.0
31201,31272,4.0
31201,31203,16.0
31201,31295,5.0
31201,31214,94.0
31201,31288,15.0
31201,31233,27.0
31201,31314,4.0
31201,31249,3.0
31201,31110,64.0
31201,31229,134.0
31201,31248,6.0
31201,31321,26.0
31201,31232,14.0
31201,31228,22.0
31201,31101,69.0
31201,31128,31.0
31201,31257,5.0
31201,31646,7.0
31201,31215,3.0
31201,31241,27.0
31201,31609,1.0
31201,31064,2.0
31201,31615,7.0
31201,31628,6.0
31201,31108,6.0
31201,31227,12.0
31201,31258,4.0
31201,31603,19.0
31201,31212,15.0
31201,31290,3.0
31201,31243,9.0
31201,31281,55.0
31201,31271,7.0
31289,31243,48.0
31289,31295,16.0
31289,31615,6.0
31289,31014,24.0
31289,31272,35.0
31289,31227,15.0
31289,31603,14.0
31289,31232,17.0
31289,31201,10.0
31289,31290,117.0
31289,31257,24.0
31289,31228,17.0
31289,31007,1.0
31289,31266,11.0
31289,31271,41.0
31289,31108,12.0
31289,31230,28.0
31289,31233,6.0
31289,31314,30.0
31289,31628,3.0
31289,31623,22.0
31289,31214,2.0
31289,31248,143.0
31289,31646,36.0
31289,31609,9.0
31289,31129,100.0
31289,31219,71.0
31289,31002,2.0
31289,31277,97.0
31289,31265,8.0
31289,31258,60.0
31289,31613,3.0
31289,31321,98.0
31289,31600,2.0
31289,31241,7.0
31289,31064,14.0
31289,31212,9.0
31289,31200,3.0
31289,31229,3.0
31289,31215,62.0
31289,31246,41.0
31289,31281,4.0
31289,31203,13.0
31289,31128,14.0
31289,31101,9.0
31289,31110,3.0
31289,31247,150.0
31289,31249,70.0
31289,31288,133.0
31623,31272,134.0
31623,31243,102.0
31623,31108,30.0
31623,31271,40.0
31623,31247,32.0
31623,31101,1.0
31623,31257,6.0
31623,31228,14.0
31623,31214,2.0
31623,31230,14.0
31623,31281,2.0
31623,31227,31.0
31623,31265,29.0
31623,31288,46.0
31623,31646,37.0
31623,31229,4.0
31623,31203,2.0
31623,31241,13.0
31623,31246,5.0
31623,31295,1.0
31623,31290,7.0
31623,31200,4.0
31623,31609,10.0
31623,31289,7.0
31623,31314,1.0
31623,31219,74.0
31623,31110,2.0
31623,31613,48.0
31623,31321,51.0
31623,31277,18.0
31623,31215,6.0
31623,31627,96.0
31623,31201,6.0
31623,31266,1.0
31623,31615,439.0
31623,31258,21.0
31623,31212,2.0
31623,31248,45.0
31623,31232,12.0
31623,31128,9.0
31623,31249,5.0
31623,31600,8.0
31623,31628,63.0
31623,31129,10.0
31623,31603,75.0
31623,31233,22.0
31229,31628,1.0
31229,31603,21.0
31229,31615,3.0
31229,31257,40.0
31229,31248,5.0
31229,31200,205.0
31229,31600,15.0
31229,31246,16.0
31229,31228,14.0
31229,31247,3.0
31229,31249,16.0
31229,31265,14.0
31229,31281,20.0
31229,31623,2.0
31229,31609,5.0
31229,31215,4.0
31229,31232,22.0
31229,31295,12.0
31229,31233,64.0
31229,31241,27.0
31229,31627,8.0
31229,31227,17.0
31229,31212,58.0
31229,31128,86.0
31229,31108,11.0
31229,31219,13.0
31229,31321,11.0
31229,31203,24.0
31229,31110,50.0
31229,31214,113.0
31229,31014,9.0
31229,31266,11.0
31229,31272,13.0
31229,31290,4.0
31229,31129,34.0
31229,31258,1.0
31229,31101,38.0
31229,31277,24.0
31229,31646,3.0
31229,31230,15.0
31229,31271,6.0
31229,31243,11.0
31229,31288,3.0
31229,31201,147.0
31229,31613,1.0
31257,31295,30.0
31257,31266,12.0
31257,31277,11.0
31257,31248,3.0
31257,31212,42.0
31257,31200,33.0
31257,31227,6.0
31257,31229,39.0
31257,31271,3.0
31257,31129,3.0
31257,31289,18.0
31257,31246,53.0
31257,31101,25.0
31257,31646,6.0
31257,31258,12.0
31257,31108,17.0
31257,31600,7.0
31257,31014,3.0
31257,31249,4.0
31257,31203,6.0
31257,31281,5.0
31257,31290,5.0
31257,31110,26.0
31257,31228,23.0
31257,31064,1.0
31257,31627,1.0
31257,31613,1.0
31257,31128,28.0
31257,31609,2.0
31257,31214,23.0
31257,31233,8.0
31257,31272,2.0
31257,31201,15.0
31257,31243,1.0
31257,31615,2.0
31257,31265,14.0
31257,31314,7.0
31257,31232,22.0
31257,31215,18.0
31257,31230,7.0
31257,31288,10.0
31257,31603,8.0
31257,31219,1.0
31257,31321,5.0
31257,31241,29.0
31257,31247,6.0
31257,31623,2.0
31233,31288,6.0
31233,31257,7.0
31233,31232,9.0
31233,31014,1.0
31233,31628,1.0
31233,31214,65.0
31233,31289,6.0
31233,31265,17.0
31233,31295,6.0
31233,31623,8.0
31233,31613,2.0
31233,31314,3.0
31233,31646,10.0
31233,31271,3.0
31233,31201,26.0
31233,31243,2.0
31233,31110,14.0
31233,31247,7.0
31233,31230,7.0
31233,31246,6.0
31233,31277,4.0
31233,31212,2.0
31233,31128,9.0
31233,31064,1.0
31233,31258,9.0
31233,31227,16.0
31233,31600,4.0
31233,31249,4.0
31233,31129,6.0
31233,31603,6.0
31233,31200,10.0
31233,31290,2.0
31233,31615,1.0
31233,31108,1.0
31233,31266,8.0
31233,31229,28.0
31233,31228,18.0
31233,31215,6.0
31233,31203,19.0
31233,31241,20.0
31233,31321,6.0
31233,31248,2.0
31233,31627,4.0
31233,31219,14.0
31233,31609,4.0
31233,31281,15.0
31233,31101,25.0
31219,31247,18.0
31219,31290,16.0
31219,31281,4.0
31219,31288,14.0
31219,31271,25.0
31219,31627,4.0
31219,31258,47.0
31219,31613,5.0
31219,31101,2.0
31219,31228,11.0
31219,31108,12.0
31219,31600,8.0
31219,31233,3.0
31219,31129,24.0
31219,31272,8.0
31219,31266,5.0
31219,31249,6.0
31219,31615,4.0
31219,31277,30.0
31219,31232,27.0
31219,31321,14.0
31219,31201,7.0
31219,31646,7.0
31219,31265,3.0
31219,31215,3.0
31219,31110,2.0
31219,31212,2.0
31219,31257,1.0
31219,31227,4.0
31219,31243,6.0
31219,31314,11.0
31219,31241,4.0
31219,31230,24.0
31219,31289,61.0
31219,31246,11.0
31219,31128,3.0
31219,31248,19.0
31219,31623,67.0
31219,31203,6.0
31219,31609,1.0
31219,31628,3.0
31219,31200,5.0
31219,31603,9.0
31101,31129,10.0
31101,31288,4.0
31101,31203,78.0
31101,31295,9.0
31101,31014,10.0
31101,31321,7.0
31101,31646,7.0
31101,31609,1.0
31101,31289,4.0
31101,31272,4.0
31101,31110,37.0
31101,31241,58.0
31101,31229,32.0
31101,31233,30.0
31101,31600,15.0
31101,31200,47.0
31101,31281,37.0
31101,31228,19.0
31101,31258,7.0
31101,31232,7.0
31101,31219,8.0
31101,31002,1.0
31101,31214,29.0
31101,31246,32.0
31101,31290,1.0
31101,31212,30.0
31101,31227,17.0
31101,31623,3.0
31101,31257,20.0
31101,31108,3.0
31101,31613,2.0
31101,31248,6.0
31101,31201,71.0
31101,31603,11.0
31101,31628,1.0
31101,31128,26.0
31101,31266,12.0
31101,31215,23.0
31101,31615,4.0
31101,31243,3.0
31101,31230,26.0
31101,31277,16.0
31101,31627,13.0
31101,31247,7.0
31101,31265,17.0
31613,31603,13.0
31613,31228,4.0
31613,31246,1.0
31613,31230,18.0
31613,31128,1.0
31613,31281,5.0
31613,31615,41.0
31613,31219,4.0
31613,31201,2.0
31613,31609,17.0
31613,31290,6.0
31613,31623,39.0
31613,31257,1.0
31613,31627,19.0
31613,31628,82.0
31613,31266,1.0
31613,31258,9.0
31613,31600,3.0
31613,31248,20.0
31613,31247,5.0
31613,31129,5.0
31613,31215,1.0
31613,31108,82.0
31613,31271,13.0
31613,31243,41.0
31613,31321,20.0
31613,31212,3.0
31613,31646,6.0
31613,31272,26.0
31613,31232,5.0
31613,31288,32.0
31613,31289,3.0
31613,31203,4.0
31613,31241,3.0
31613,31101,5.0
31613,31265,8.0
31613,31002,2.0
31007,31600,1.0
31007,31249,32.0
31007,31247,3.0
31007,31289,4.0
31007,31646,3.0
31007,31271,1.0
31007,31064,16.0
31007,31014,2.0
31007,31002,6.0
31007,31219,1.0
31247,31241,10.0
31247,31200,6.0
31247,31249,116.0
31247,31281,5.0
31247,31129,67.0
31247,31215,10.0
31247,31128,6.0
31247,31243,78.0
31247,31203,10.0
31247,31272,78.0
31247,31064,23.0
31247,31277,35.0
31247,31290,87.0
31247,31600,7.0
31247,31110,4.0
31247,31201,14.0
31247,31212,2.0
31247,31271,99.0
31247,31615,3.0
31247,31609,39.0
31247,31232,17.0
31247,31014,2.0
31247,31628,6.0
31247,31258,314.0
31247,31613,13.0
31247,31627,5.0
31247,31314,12.0
31247,31229,2.0
31247,31108,38.0
31247,31219,42.0
31247,31002,2.0
31247,31288,186.0
31247,31623,64.0
31247,31321,26.0
31247,31233,19.0
31247,31230,28.0
31247,31248,129.0
31247,31289,150.0
31247,31246,4.0
31247,31265,7.0
31247,31228,13.0
31247,31646,40.0
31247,31227,4.0
31247,31101,3.0
31247,31257,10.0
31247,31603,19.0
31627,31110,9.0
31627,31613,37.0
31627,31227,15.0
31627,31214,2.0
31627,31258,3.0
31627,31615,71.0
31627,31249,2.0
31627,31271,9.0
31627,31277,2.0
31627,31201,4.0
31627,31101,8.0
31627,31212,6.0
31627,31272,10.0
31627,31248,5.0
31627,31233,2.0
31627,31064,1.0
31627,31257,1.0
31627,31289,3.0
31627,31241,4.0
31627,31623,96.0
31627,31203,6.0
31627,31265,14.0
31627,31228,5.0
31627,31246,1.0
31627,31609,3.0
31627,31247,3.0
31627,31129,3.0
31627,31128,5.0
31627,31230,2.0
31627,31281,9.0
31627,31321,2.0
31627,31243,19.0
31627,31288,9.0
31627,31628,9.0
31627,31266,9.0
31627,31600,29.0
31627,31215,2.0
31627,31603,43.0
31627,31200,8.0
31627,31229,4.0
31627,31108,24.0
31627,31232,21.0
31615,31314,1.0
31615,31281,3.0
31615,31289,1.0
31615,31230,4.0
31615,31241,4.0
31615,31247,1.0
31615,31258,2.0
31615,31600,17.0
31615,31266,6.0
31615,31200,1.0
31615,31232,14.0
31615,31129,4.0
31615,31609,7.0
31615,31321,1.0
31615,31288,11.0
31615,31219,4.0
31615,31272,13.0
31615,31229,1.0
31615,31613,19.0
31615,31603,58.0
31615,31214,1.0
31615,31646,4.0
31615,31277,6.0
31615,31201,3.0
31615,31243,7.0
31615,31203,2.0
31615,31628,13.0
31615,31233,1.0
31615,31212,1.0
31615,31249,4.0
31615,31265,9.0
31615,31627,52.0
31615,31228,25.0
31615,31227,17.0
31615,31290,5.0
31615,31271,10.0
31615,31623,389.0
31615,31101,2.0
31615,31108,12.0
31281,31609,10.0
31281,31200,53.0
31281,31288,8.0
31281,31215,1.0
31281,31248,6.0
31281,31128,15.0
31281,31627,12.0
31281,31214,6.0
31281,31266,53.0
31281,31101,36.0
31281,31272,3.0
31281,31110,6.0
31281,31290,3.0
31281,31129,2.0
31281,31265,31.0
31281,31108,3.0
31281,31229,19.0
31281,31321,8.0
31281,31628,3.0
31281,31289,3.0
31281,31232,55.0
31281,31233,25.0
31281,31228,40.0
31281,31257,7.0
31281,31615,2.0
31281,31227,14.0
31281,31203,46.0
31281,31277,3.0
31281,31623,2.0
31281,31603,23.0
31281,31271,9.0
31281,31219,8.0
31281,31201,43.0
31281,31246,2.0
31281,31613,7.0
31281,31241,24.0
31281,31249,3.0
31281,31600,49.0
31281,31258,5.0
31281,31212,15.0
31281,31230,42.0
31129,31609,12.0
31129,31257,9.0
31129,31200,8.0
31129,31002,1.0
31129,31214,12.0
31129,31215,6.0
31129,31249,31.0
31129,31219,32.0
31129,31246,20.0
31129,31288,45.0
31129,31247,44.0
31129,31230,9.0
31129,31064,4.0
31129,31108,32.0
31129,31101,6.0
31129,31623,27.0
31129,31241,16.0
31129,31600,16.0
31129,31228,10.0
31129,31243,11.0
31129,31615,5.0
31129,31266,4.0
31129,31613,1.0
31129,31272,19.0
31129,31314,1.0
31129,31229,20.0
31129,31321,44.0
31129,31265,5.0
31129,31233,11.0
31129,31281,1.0
31129,31212,2.0
31129,31603,5.0
31129,31277,20.0
31129,31290,26.0
31129,31201,12.0
31129,31289,74.0
31129,31128,6.0
31129,31248,36.0
31129,31203,15.0
31129,31258,77.0
31129,31628,7.0
31129,31271,57.0
31129,31014,2.0
31129,31646,15.0
31129,31295,5.0
31129,31232,8.0
31129,31627,13.0
31129,31227,1.0
31129,31110,11.0
31203,31108,7.0
31203,31014,7.0
31203,31613,1.0
31203,31272,3.0
31203,31603,22.0
31203,31281,52.0
31203,31257,8.0
31203,31265,23.0
31203,31227,15.0
31203,31627,12.0
31203,31228,26.0
31203,31289,19.0
31203,31628,2.0
31203,31248,4.0
31203,31271,2.0
31203,31214,33.0
31203,31247,12.0
31203,31128,41.0
31203,31232,13.0
31203,31200,49.0
31203,31623,4.0
31203,31243,5.0
31203,31321,9.0
31203,31230,15.0
31203,31609,8.0
31203,31277,28.0
31203,31110,13.0
31203,31212,24.0
31203,31241,28.0
31203,31615,3.0
31203,31266,31.0
31203,31215,5.0
31203,31249,12.0
31203,31233,19.0
31203,31101,63.0
31203,31246,21.0
31203,31129,5.0
31203,31600,32.0
31203,31646,7.0
31203,31295,13.0
31203,31288,10.0
31203,31314,9.0
31203,31201,28.0
31203,31229,45.0
31203,31258,1.0
31203,31219,5.0
31277,31219,22.0
31277,31230,22.0
31277,31228,41.0
31277,31247,42.0
31277,31129,15.0
31277,31257,14.0
31277,31241,14.0
31277,31258,93.0
31277,31200,12.0
31277,31229,8.0
31277,31290,28.0
31277,31203,31.0
31277,31215,5.0
31277,31064,1.0
31277,31627,1.0
31277,31214,8.0
31277,31603,9.0
31277,31613,3.0
31277,31265,11.0
31277,31271,15.0
31277,31227,23.0
31277,31266,3.0
31277,31272,2.0
31277,31281,4.0
31277,31321,18.0
31277,31243,9.0
31277,31002,1.0
31277,31248,26.0
31277,31609,17.0
31277,31233,18.0
31277,31201,32.0
31277,31212,10.0
31277,31628,6.0
31277,31295,6.0
31277,31110,2.0
31277,31108,25.0
31277,31128,8.0
31277,31101,6.0
31277,31600,15.0
31277,31288,26.0
31277,31623,16.0
31277,31232,14.0
31277,31289,61.0
31277,31615,6.0
31277,31246,8.0
31277,31249,12.0
31277,31014,1.0
31277,31646,9.0
31215,31232,3.0
31215,31295,23.0
31215,31233,6.0
31215,31128,6.0
31215,31219,6.0
31215,31129,2.0
31215,31613,1.0
31215,31101,13.0
31215,31609,16.0
31215,31258,26.0
31215,31110,2.0
31215,31272,6.0
31215,31628,4.0
31215,31228,2.0
31215,31002,3.0
31215,31603,9.0
31215,31321,6.0
31215,31623,3.0
31215,31314,40.0
31215,31108,15.0
31215,31600,4.0
31215,31289,35.0
31215,31627,1.0
31215,31229,9.0
31215,31290,21.0
31215,31281,2.0
31215,31212,2.0
31215,31288,7.0
31215,31248,17.0
31215,31201,5.0
31215,31247,13.0
31215,31014,4.0
31215,31265,22.0
31215,31227,2.0
31215,31615,1.0
31215,31266,6.0
31215,31277,2.0
31215,31214,16.0
31215,31243,5.0
31215,31246,6.0
31215,31257,14.0
31215,31203,6.0
31215,31271,2.0
31215,31241,6.0
31215,31230,1.0
31215,31646,19.0
31215,31200,15.0
31215,31249,7.0
31295,31603,1.0
31295,31227,1.0
31295,31290,3.0
31295,31248,3.0
31295,31277,1.0
31295,31110,15.0
31295,31203,7.0
31295,31201,8.0
31295,31215,21.0
31295,31230,1.0
31295,31600,4.0
31295,31623,1.0
31295,31200,24.0
31295,31288,2.0
31295,31128,19.0
31295,31101,7.0
31295,31246,15.0
31295,31249,3.0
31295,31289,33.0
31295,31615,1.0
31295,31257,25.0
31295,31266,3.0
31295,31646,2.0
31295,31247,2.0
31295,31314,6.0
31295,31228,4.0
31295,31064,8.0
31295,31233,7.0
31295,31281,3.0
31295,31241,19.0
31295,31214,4.0
31295,31272,2.0
31295,31212,12.0
31295,31232,8.0
31295,31229,9.0
31295,31258,15.0
31295,31265,12.0
31295,31609,2.0
31295,31014,91.0
31295,31321,2.0
31241,31233,31.0
31241,31277,23.0
31241,31628,5.0
31241,31243,2.0
31241,31266,12.0
31241,31227,31.0
31241,31249,14.0
31241,31110,20.0
31241,31314,19.0
31241,31290,8.0
31241,31219,12.0
31241,31200,92.0
31241,31129,14.0
31241,31272,5.0
31241,31600,30.0
31241,31228,63.0
31241,31257,16.0
31241,31281,16.0
31241,31615,5.0
31241,31212,110.0
31241,31064,2.0
31241,31613,2.0
31241,31128,70.0
31241,31321,37.0
31241,31295,12.0
31241,31203,24.0
31241,31609,4.0
31241,31201,54.0
31241,31108,4.0
31241,31646,11.0
31241,31623,11.0
31241,31289,14.0
31241,31627,8.0
31241,31215,18.0
31241,31248,9.0
31241,31229,24.0
31241,31246,57.0
31241,31258,10.0
31241,31271,17.0
31241,31101,72.0
31241,31265,23.0
31241,31230,35.0
31241,31603,19.0
31241,31288,9.0
31241,31232,16.0
31241,31014,17.0
31241,31247,22.0
31241,31214,24.0
31321,31110,5.0
31321,31246,11.0
31321,31230,32.0
31321,31108,11.0
31321,31265,10.0
31321,31288,48.0
31321,31613,2.0
31321,31241,15.0
31321,31249,24.0
31321,31228,18.0
31321,31219,17.0
31321,31215,26.0
31321,31233,5.0
31321,31248,44.0
31321,31200,6.0
31321,31609,13.0
31321,31266,10.0
31321,31615,2.0
31321,31628,10.0
31321,31007,2.0
31321,31646,6.0
31321,31128,5.0
31321,31277,31.0
31321,31314,10.0
31321,31623,34.0
31321,31627,4.0
31321,31258,97.0
31321,31214,2.0
31321,31603,9.0
31321,31243,23.0
31321,31232,27.0
31321,31014,2.0
31321,31101,10.0
31321,31201,18.0
31321,31600,7.0
31321,31272,44.0
31321,31129,48.0
31321,31229,3.0
31321,31247,46.0
31321,31289,117.0
31321,31271,66.0
31321,31227,5.0
31321,31290,42.0
31321,31212,3.0
31321,31064,11.0
31321,31203,20.0
31321,31295,4.0
31321,31257,4.0
31609,31627,1.0
31609,31215,8.0
31609,31615,8.0
31609,31212,10.0
31609,31110,1.0
31609,31628,68.0
31609,31613,25.0
31609,31228,11.0
31609,31200,2.0
31609,31108,108.0
31609,31128,2.0
31609,31227,1.0
31609,31272,6.0
31609,31277,15.0
31609,31129,5.0
31609,31295,1.0
31609,31623,7.0
31609,31007,2.0
31609,31289,14.0
31609,31219,7.0
31609,31600,1.0
31609,31257,2.0
31609,31603,5.0
31609,31232,18.0
31609,31243,17.0
31609,31247,21.0
31609,31290,11.0
31609,31064,3.0
31609,31101,1.0
31609,31288,7.0
31609,31321,8.0
31609,31646,34.0
31609,31258,21.0
31609,31201,3.0
31609,31249,15.0
31609,31314,3.0
31609,31248,14.0
31609,31265,9.0
31609,31233,9.0
31609,31246,3.0
31609,31241,2.0
31609,31271,11.0
31609,31281,5.0
31249,31227,14.0
31249,31247,105.0
31249,31289,63.0
31249,31064,121.0
31249,31129,38.0
31249,31002,41.0
31249,31321,26.0
31249,31219,10.0
31249,31609,26.0
31249,31623,7.0
31249,31203,6.0
31249,31646,49.0
31249,31243,13.0
31249,31271,20.0
31249,31230,1.0
31249,31229,2.0
31249,31277,17.0
31249,31248,79.0
31249,31246,3.0
31249,31101,2.0
31249,31272,14.0
31249,31014,6.0
31249,31265,13.0
31249,31314,3.0
31249,31228,4.0
31249,31290,47.0
31249,31603,2.0
31249,31232,14.0
31249,31241,3.0
31249,31212,6.0
31249,31627,1.0
31249,31258,195.0
31249,31295,3.0
31249,31257,2.0
31249,31288,42.0
31249,31007,56.0
31249,31215,24.0
31249,31628,8.0
31249,31266,1.0
31249,31108,34.0
31249,31201,12.0
31249,31128,4.0
31249,31233,3.0
31603,31232,20.0
31603,31247,15.0
31603,31248,13.0
31603,31627,30.0
31603,31609,11.0
31603,31201,24.0
31603,31321,10.0
31603,31623,72.0
31603,31203,11.0
31603,31271,41.0
31603,31101,13.0
31603,31233,11.0
31603,31277,20.0
31603,31246,1.0
31603,31249,1.0
31603,31615,63.0
31603,31129,3.0
31603,31064,2.0
31603,31243,13.0
31603,31272,12.0
31603,31295,8.0
31603,31219,5.0
31603,31228,39.0
31603,31628,15.0
31603,31215,18.0
31603,31229,17.0
31603,31314,2.0
31603,31200,10.0
31603,31266,35.0
31603,31241,28.0
31603,31646,6.0
31603,31214,4.0
31603,31230,12.0
31603,31227,26.0
31603,31257,4.0
31603,31289,6.0
31603,31212,12.0
31603,31613,15.0
31603,31110,4.0
31603,31600,51.0
31603,31290,8.0
31603,31128,5.0
31603,31288,27.0
31603,31258,1.0
31603,31265,74.0
31603,31108,8.0
31603,31281,26.0
